tmdb_id,title,summary,release_date,year,genres,primary_genre,director,writers,cast,runtime,language,spoken_languages,production_countries,production_companies,budget,revenue,vote_average,vote_count,popularity,adult,poster_url,backdrop_url,imdb_id,tagline,status,keywords,reviews_sample,collection,homepage,created_at
1001,The Dark Knight,"Batman raises the stakes in his war on crime. With the help of Lt. Jim Gordon and District Attorney Harvey Dent, Batman sets out to dismantle the remaining criminal organizations.",2008-01-01,2008,"Action, Crime, Drama",Action,Christopher Nolan,Christopher Nolan,"Christian Bale, Heath Ledger, Aaron Eckhart",152,en,English,United States of America,Major Studio,50000000,450000000,9.0,25000,90.0,False,https://image.tmdb.org/t/p/w500/poster_1.jpg,https://image.tmdb.org/t/p/w1280/backdrop_1.jpg,tt0000001,A action masterpiece,Released,"action, classic, 2008s","[{""author"": ""Critic"", ""content"": ""An excellent action film."", ""rating"": 9.0}]",,,2025-07-21T23:01:28.750409
1002,Mad Max: Fury Road,"In a post-apocalyptic wasteland, a woman rebels against a tyrannical ruler in search for her homeland with the aid of a group of female prisoners.",2015-01-01,2015,"Action, Adventure, Sci-Fi",Action,George Miller,George Miller,"Tom Hardy, Charlize Theron",120,en,English,United States of America,Major Studio,50000000,405000000,8.1,25000,81.0,False,https://image.tmdb.org/t/p/w500/poster_2.jpg,https://image.tmdb.org/t/p/w1280/backdrop_2.jpg,tt0000002,A action masterpiece,Released,"action, classic, 2015s","[{""author"": ""Critic"", ""content"": ""An excellent action film."", ""rating"": 8.1}]",,,2025-07-21T23:01:28.750461
1003,John Wick,An ex-hitman comes out of retirement to track down the gangsters that took everything from him.,2014-01-01,2014,"Action, Crime, Thriller",Action,Chad Stahelski,Chad Stahelski,"Keanu Reeves, Michael Nyqvist",101,en,English,United States of America,Major Studio,50000000,370000000,7.4,25000,74.0,False,https://image.tmdb.org/t/p/w500/poster_3.jpg,https://image.tmdb.org/t/p/w1280/backdrop_3.jpg,tt0000003,A action masterpiece,Released,"action, classic, 2014s","[{""author"": ""Critic"", ""content"": ""An excellent action film."", ""rating"": 7.4}]",,,2025-07-21T23:01:28.750468
1004,Die Hard,A New York police officer attempts to save hostages and his estranged wife from German terrorists during a Christmas party.,1988-01-01,1988,"Action, Thriller",Action,John McTiernan,John McTiernan,"Bruce Willis, Alan Rickman",132,en,English,United States of America,Major Studio,50000000,409999999,8.2,25000,82.0,False,https://image.tmdb.org/t/p/w500/poster_4.jpg,https://image.tmdb.org/t/p/w1280/backdrop_4.jpg,tt0000004,A action masterpiece,Released,"action, classic, 1988s","[{""author"": ""Critic"", ""content"": ""An excellent action film."", ""rating"": 8.2}]",,,2025-07-21T23:01:28.750473
1005,Terminator 2: Judgment Day,A cyborg comes from the future to protect a boy from an advanced terminator.,1991-01-01,1991,"Action, Sci-Fi",Action,James Cameron,James Cameron,"Arnold Schwarzenegger, Linda Hamilton",137,en,English,United States of America,Major Studio,50000000,425000000,8.5,25000,85.0,False,https://image.tmdb.org/t/p/w500/poster_5.jpg,https://image.tmdb.org/t/p/w1280/backdrop_5.jpg,tt0000005,A action masterpiece,Released,"action, classic, 1991s","[{""author"": ""Critic"", ""content"": ""An excellent action film."", ""rating"": 8.5}]",,,2025-07-21T23:01:28.750477
1006,Raiders of the Lost Ark,Archaeologist Indiana Jones races the Nazis to find the mystical Ark of the Covenant.,1981-01-01,1981,"Action, Adventure",Action,Steven Spielberg,Steven Spielberg,"Harrison Ford, Karen Allen",115,en,English,United States of America,Major Studio,50000000,425000000,8.5,25000,85.0,False,https://image.tmdb.org/t/p/w500/poster_6.jpg,https://image.tmdb.org/t/p/w1280/backdrop_6.jpg,tt0000006,A action masterpiece,Released,"action, classic, 1981s","[{""author"": ""Critic"", ""content"": ""An excellent action film."", ""rating"": 8.5}]",,,2025-07-21T23:01:28.750482
1007,The Matrix,A hacker discovers reality as he knows it is actually a computer simulation.,1999-01-01,1999,"Action, Sci-Fi",Action,The Wachowskis,The Wachowskis,"Keanu Reeves, Laurence Fishburne",136,en,English,United States of America,Major Studio,50000000,434999999,8.7,25000,87.0,False,https://image.tmdb.org/t/p/w500/poster_7.jpg,https://image.tmdb.org/t/p/w1280/backdrop_7.jpg,tt0000007,A action masterpiece,Released,"action, classic, 1999s","[{""author"": ""Critic"", ""content"": ""An excellent action film."", ""rating"": 8.7}]",,,2025-07-21T23:01:28.750486
1008,Casino Royale,"James Bond's first mission as Agent 007 leads him to Le Chiffre, a banker to the world's terrorists.",2006-01-01,2006,"Action, Adventure, Thriller",Action,Martin Campbell,Martin Campbell,"Daniel Craig, Eva Green",144,en,English,United States of America,Major Studio,50000000,400000000,8.0,25000,80.0,False,https://image.tmdb.org/t/p/w500/poster_8.jpg,https://image.tmdb.org/t/p/w1280/backdrop_8.jpg,tt0000008,A action masterpiece,Released,"action, classic, 2006s","[{""author"": ""Critic"", ""content"": ""An excellent action film."", ""rating"": 8.0}]",,,2025-07-21T23:01:28.750489
1009,Mission: Impossible - Fallout,Ethan Hunt and his team race against time after a mission gone wrong.,2018-01-01,2018,"Action, Adventure, Thriller",Action,Christopher McQuarrie,Christopher McQuarrie,"Tom Cruise, Henry Cavill",147,en,English,United States of America,Major Studio,50000000,385000000,7.7,25000,77.0,False,https://image.tmdb.org/t/p/w500/poster_9.jpg,https://image.tmdb.org/t/p/w1280/backdrop_9.jpg,tt0000009,A action masterpiece,Released,"action, classic, 2018s","[{""author"": ""Critic"", ""content"": ""An excellent action film."", ""rating"": 7.7}]",,,2025-07-21T23:01:28.750493
1010,Speed,A young police officer must prevent a bomb exploding aboard a city bus.,1994-01-01,1994,"Action, Thriller",Action,Jan de Bont,Jan de Bont,"Keanu Reeves, Sandra Bullock",116,en,English,United States of America,Major Studio,50000000,365000000,7.3,25000,73.0,False,https://image.tmdb.org/t/p/w500/poster_10.jpg,https://image.tmdb.org/t/p/w1280/backdrop_10.jpg,tt0000010,A action masterpiece,Released,"action, classic, 1994s","[{""author"": ""Critic"", ""content"": ""An excellent action film."", ""rating"": 7.3}]",,,2025-07-21T23:01:28.750497
1011,The Grand Budapest Hotel,"A writer encounters the owner of an aging high-class hotel, who tells of his early years serving as a lobby boy.",2014-01-01,2014,"Comedy, Adventure, Drama",Comedy,Wes Anderson,Wes Anderson,"Ralph Fiennes, F. Murray Abraham",99,en,English,United States of America,Major Studio,50000000,405000000,8.1,25000,81.0,False,https://image.tmdb.org/t/p/w500/poster_11.jpg,https://image.tmdb.org/t/p/w1280/backdrop_11.jpg,tt0000011,A comedy masterpiece,Released,"comedy, classic, 2014s","[{""author"": ""Critic"", ""content"": ""An excellent comedy film."", ""rating"": 8.1}]",,,2025-07-21T23:01:28.750503
1012,Groundhog Day,"A narcissistic weatherman finds himself trapped in a time loop, reliving the same day over and over.",1993-01-01,1993,"Comedy, Fantasy, Romance",Comedy,Harold Ramis,Harold Ramis,"Bill Murray, Andie MacDowell",101,en,English,United States of America,Major Studio,50000000,400000000,8.0,25000,80.0,False,https://image.tmdb.org/t/p/w500/poster_12.jpg,https://image.tmdb.org/t/p/w1280/backdrop_12.jpg,tt0000012,A comedy masterpiece,Released,"comedy, classic, 1993s","[{""author"": ""Critic"", ""content"": ""An excellent comedy film."", ""rating"": 8.0}]",,,2025-07-21T23:01:28.750507
1013,Some Like It Hot,Two musicians witness a mob hit and flee the state in an all-female band disguised as women.,1959-01-01,1959,"Comedy, Romance",Comedy,Billy Wilder,Billy Wilder,"Marilyn Monroe, Tony Curtis",121,en,English,United States of America,Major Studio,50000000,409999999,8.2,25000,82.0,False,https://image.tmdb.org/t/p/w500/poster_13.jpg,https://image.tmdb.org/t/p/w1280/backdrop_13.jpg,tt0000013,A comedy masterpiece,Released,"comedy, classic, 1959s","[{""author"": ""Critic"", ""content"": ""An excellent comedy film."", ""rating"": 8.2}]",,,2025-07-21T23:01:28.750511
1014,Dr. Strangelove,An insane general triggers a path to nuclear holocaust that a war room full of politicians tries to stop.,1964-01-01,1964,"Comedy, War",Comedy,Stanley Kubrick,Stanley Kubrick,"Peter Sellers, George C. Scott",95,en,English,United States of America,Major Studio,50000000,420000000,8.4,25000,84.0,False,https://image.tmdb.org/t/p/w500/poster_14.jpg,https://image.tmdb.org/t/p/w1280/backdrop_14.jpg,tt0000014,A comedy masterpiece,Released,"comedy, classic, 1964s","[{""author"": ""Critic"", ""content"": ""An excellent comedy film."", ""rating"": 8.4}]",,,2025-07-21T23:01:28.750514
1015,The Big Lebowski,Ultimate L.A. slacker Jeff 'The Dude' Lebowski is mistaken for a millionaire of the same name.,1998-01-01,1998,"Comedy, Crime",Comedy,Joel Coen,Joel Coen,"Jeff Bridges, John Goodman",117,en,English,United States of America,Major Studio,50000000,405000000,8.1,25000,81.0,False,https://image.tmdb.org/t/p/w500/poster_15.jpg,https://image.tmdb.org/t/p/w1280/backdrop_15.jpg,tt0000015,A comedy masterpiece,Released,"comedy, classic, 1998s","[{""author"": ""Critic"", ""content"": ""An excellent comedy film."", ""rating"": 8.1}]",,,2025-07-21T23:01:28.750518
1016,Airplane!,A man afraid to fly must ensure that an airplane lands safely after the pilots become sick.,1980-01-01,1980,Comedy,Comedy,Jim Abrahams,Jim Abrahams,"Robert Hays, Julie Hagerty",88,en,English,United States of America,Major Studio,50000000,385000000,7.7,25000,77.0,False,https://image.tmdb.org/t/p/w500/poster_16.jpg,https://image.tmdb.org/t/p/w1280/backdrop_16.jpg,tt0000016,A comedy masterpiece,Released,"comedy, classic, 1980s","[{""author"": ""Critic"", ""content"": ""An excellent comedy film."", ""rating"": 7.7}]",,,2025-07-21T23:01:28.750522
1017,Coming to America,"An African prince travels to Queens, New York to find a wife whom he can respect for her intelligence.",1988-01-01,1988,"Comedy, Romance",Comedy,John Landis,John Landis,"Eddie Murphy, Arsenio Hall",117,en,English,United States of America,Major Studio,50000000,350000000,7.0,25000,70.0,False,https://image.tmdb.org/t/p/w500/poster_17.jpg,https://image.tmdb.org/t/p/w1280/backdrop_17.jpg,tt0000017,A comedy masterpiece,Released,"comedy, classic, 1988s","[{""author"": ""Critic"", ""content"": ""An excellent comedy film."", ""rating"": 7.0}]",,,2025-07-21T23:01:28.750525
1018,Borat,Kazakh TV talking head Borat is dispatched to the United States to report on the 'greatest country in the world'.,2006-01-01,2006,Comedy,Comedy,Larry Charles,Larry Charles,"Sacha Baron Cohen, Ken Davitian",84,en,English,United States of America,Major Studio,50000000,365000000,7.3,25000,73.0,False,https://image.tmdb.org/t/p/w500/poster_18.jpg,https://image.tmdb.org/t/p/w1280/backdrop_18.jpg,tt0000018,A comedy masterpiece,Released,"comedy, classic, 2006s","[{""author"": ""Critic"", ""content"": ""An excellent comedy film."", ""rating"": 7.3}]",,,2025-07-21T23:01:28.750529
1019,Superbad,Two co-dependent high school seniors are forced to deal with separation anxiety after their plan to stage a booze-soaked party goes awry.,2007-01-01,2007,Comedy,Comedy,Greg Mottola,Greg Mottola,"Jonah Hill, Michael Cera",113,en,English,United States of America,Major Studio,50000000,380000000,7.6,25000,76.0,False,https://image.tmdb.org/t/p/w500/poster_19.jpg,https://image.tmdb.org/t/p/w1280/backdrop_19.jpg,tt0000019,A comedy masterpiece,Released,"comedy, classic, 2007s","[{""author"": ""Critic"", ""content"": ""An excellent comedy film."", ""rating"": 7.6}]",,,2025-07-21T23:01:28.750532
1020,Anchorman,Ron Burgundy is San Diego's top-rated newsman in the male-dominated broadcasting of the 1970s.,2004-01-01,2004,Comedy,Comedy,Adam McKay,Adam McKay,"Will Ferrell, Christina Applegate",94,en,English,United States of America,Major Studio,50000000,360000000,7.2,25000,72.0,False,https://image.tmdb.org/t/p/w500/poster_20.jpg,https://image.tmdb.org/t/p/w1280/backdrop_20.jpg,tt0000020,A comedy masterpiece,Released,"comedy, classic, 2004s","[{""author"": ""Critic"", ""content"": ""An excellent comedy film."", ""rating"": 7.2}]",,,2025-07-21T23:01:28.750536
1021,The Shawshank Redemption,"Two imprisoned men bond over a number of years, finding solace and eventual redemption through acts of common decency.",1994-01-01,1994,Drama,Drama,Frank Darabont,Frank Darabont,"Tim Robbins, Morgan Freeman",142,en,English,United States of America,Major Studio,50000000,465000000,9.3,25000,93.0,False,https://image.tmdb.org/t/p/w500/poster_21.jpg,https://image.tmdb.org/t/p/w1280/backdrop_21.jpg,tt0000021,A drama masterpiece,Released,"drama, classic, 1994s","[{""author"": ""Critic"", ""content"": ""An excellent drama film."", ""rating"": 9.3}]",,,2025-07-21T23:01:28.750540
1022,The Godfather,The aging patriarch of an organized crime dynasty transfers control of his clandestine empire to his reluctant son.,1972-01-01,1972,"Crime, Drama",Drama,Francis Ford Coppola,Francis Ford Coppola,"Marlon Brando, Al Pacino",175,en,English,United States of America,Major Studio,50000000,459999999,9.2,25000,92.0,False,https://image.tmdb.org/t/p/w500/poster_22.jpg,https://image.tmdb.org/t/p/w1280/backdrop_22.jpg,tt0000022,A drama masterpiece,Released,"drama, classic, 1972s","[{""author"": ""Critic"", ""content"": ""An excellent drama film."", ""rating"": 9.2}]",,,2025-07-21T23:01:28.750544
1023,Schindler's List,"In German-occupied Poland during World War II, industrialist Oskar Schindler gradually becomes concerned for his Jewish workforce.",1993-01-01,1993,"Biography, Drama, History",Drama,Steven Spielberg,Steven Spielberg,"Liam Neeson, Ralph Fiennes",195,en,English,United States of America,Major Studio,50000000,445000000,8.9,25000,89.0,False,https://image.tmdb.org/t/p/w500/poster_23.jpg,https://image.tmdb.org/t/p/w1280/backdrop_23.jpg,tt0000023,A drama masterpiece,Released,"drama, classic, 1993s","[{""author"": ""Critic"", ""content"": ""An excellent drama film."", ""rating"": 8.9}]",,,2025-07-21T23:01:28.750547
1024,12 Angry Men,A jury holdout attempts to prevent a miscarriage of justice by forcing his colleagues to reconsider the evidence.,1957-01-01,1957,"Crime, Drama",Drama,Sidney Lumet,Sidney Lumet,"Henry Fonda, Lee J. Cobb",96,en,English,United States of America,Major Studio,50000000,445000000,8.9,25000,89.0,False,https://image.tmdb.org/t/p/w500/poster_24.jpg,https://image.tmdb.org/t/p/w1280/backdrop_24.jpg,tt0000024,A drama masterpiece,Released,"drama, classic, 1957s","[{""author"": ""Critic"", ""content"": ""An excellent drama film."", ""rating"": 8.9}]",,,2025-07-21T23:01:28.750553
1025,Forrest Gump,"The presidencies of Kennedy and Johnson, the events of Vietnam, Watergate and other historical events unfold from the perspective of an Alabama man.",1994-01-01,1994,"Drama, Romance",Drama,Robert Zemeckis,Robert Zemeckis,"Tom Hanks, Robin Wright",142,en,English,United States of America,Major Studio,50000000,440000000,8.8,25000,88.0,False,https://image.tmdb.org/t/p/w500/poster_25.jpg,https://image.tmdb.org/t/p/w1280/backdrop_25.jpg,tt0000025,A drama masterpiece,Released,"drama, classic, 1994s","[{""author"": ""Critic"", ""content"": ""An excellent drama film."", ""rating"": 8.8}]",,,2025-07-21T23:01:28.750556
1026,One Flew Over the Cuckoo's Nest,"A criminal pleads insanity and is admitted to a mental institution, where he rebels against the oppressive nurse.",1975-01-01,1975,Drama,Drama,Miloš Forman,Miloš Forman,"Jack Nicholson, Louise Fletcher",133,en,English,United States of America,Major Studio,50000000,434999999,8.7,25000,87.0,False,https://image.tmdb.org/t/p/w500/poster_26.jpg,https://image.tmdb.org/t/p/w1280/backdrop_26.jpg,tt0000026,A drama masterpiece,Released,"drama, classic, 1975s","[{""author"": ""Critic"", ""content"": ""An excellent drama film."", ""rating"": 8.7}]",,,2025-07-21T23:01:28.750560
1027,The Green Mile,The lives of guards on Death Row are affected by one of their charges: a black man accused of child murder who has a mysterious gift.,1999-01-01,1999,"Crime, Drama, Fantasy",Drama,Frank Darabont,Frank Darabont,"Tom Hanks, Michael Clarke Duncan",189,en,English,United States of America,Major Studio,50000000,430000000,8.6,25000,86.0,False,https://image.tmdb.org/t/p/w500/poster_27.jpg,https://image.tmdb.org/t/p/w1280/backdrop_27.jpg,tt0000027,A drama masterpiece,Released,"drama, classic, 1999s","[{""author"": ""Critic"", ""content"": ""An excellent drama film."", ""rating"": 8.6}]",,,2025-07-21T23:01:28.750564
1028,Goodfellas,"The story of Henry Hill and his life in the mob, covering his relationship with his wife Karen Hill and his mob partners.",1990-01-01,1990,"Biography, Crime, Drama",Drama,Martin Scorsese,Martin Scorsese,"Robert De Niro, Ray Liotta",146,en,English,United States of America,Major Studio,50000000,434999999,8.7,25000,87.0,False,https://image.tmdb.org/t/p/w500/poster_28.jpg,https://image.tmdb.org/t/p/w1280/backdrop_28.jpg,tt0000028,A drama masterpiece,Released,"drama, classic, 1990s","[{""author"": ""Critic"", ""content"": ""An excellent drama film."", ""rating"": 8.7}]",,,2025-07-21T23:01:28.750567
1029,The Pianist,A Polish Jewish musician struggles to survive the destruction of the Warsaw ghetto of World War II.,2002-01-01,2002,"Biography, Drama, Music",Drama,Roman Polanski,Roman Polanski,"Adrien Brody, Thomas Kretschmann",150,en,English,United States of America,Major Studio,50000000,425000000,8.5,25000,85.0,False,https://image.tmdb.org/t/p/w500/poster_29.jpg,https://image.tmdb.org/t/p/w1280/backdrop_29.jpg,tt0000029,A drama masterpiece,Released,"drama, classic, 2002s","[{""author"": ""Critic"", ""content"": ""An excellent drama film."", ""rating"": 8.5}]",,,2025-07-21T23:01:28.750571
1030,There Will Be Blood,"A story of family, religion, hatred, oil and madness, focusing on a turn-of-the-century prospector in the early days of the business.",2007-01-01,2007,Drama,Drama,Paul Thomas Anderson,Paul Thomas Anderson,"Daniel Day-Lewis, Paul Dano",158,en,English,United States of America,Major Studio,50000000,409999999,8.2,25000,82.0,False,https://image.tmdb.org/t/p/w500/poster_30.jpg,https://image.tmdb.org/t/p/w1280/backdrop_30.jpg,tt0000030,A drama masterpiece,Released,"drama, classic, 2007s","[{""author"": ""Critic"", ""content"": ""An excellent drama film."", ""rating"": 8.2}]",,,2025-07-21T23:01:28.750574
1031,The Exorcist,"When a teenage girl is possessed by a mysterious entity, her mother seeks the help of two priests to save her daughter.",1973-01-01,1973,Horror,Horror,William Friedkin,William Friedkin,"Ellen Burstyn, Max von Sydow",122,en,English,United States of America,Major Studio,50000000,400000000,8.0,25000,80.0,False,https://image.tmdb.org/t/p/w500/poster_31.jpg,https://image.tmdb.org/t/p/w1280/backdrop_31.jpg,tt0000031,A horror masterpiece,Released,"horror, classic, 1973s","[{""author"": ""Critic"", ""content"": ""An excellent horror film."", ""rating"": 8.0}]",,,2025-07-21T23:01:28.750578
1032,Halloween,"Fifteen years after murdering his sister on Halloween Night 1963, Michael Myers escapes from a mental hospital.",1978-01-01,1978,"Horror, Thriller",Horror,John Carpenter,John Carpenter,"Donald Pleasence, Jamie Lee Curtis",91,en,English,United States of America,Major Studio,50000000,385000000,7.7,25000,77.0,False,https://image.tmdb.org/t/p/w500/poster_32.jpg,https://image.tmdb.org/t/p/w1280/backdrop_32.jpg,tt0000032,A horror masterpiece,Released,"horror, classic, 1978s","[{""author"": ""Critic"", ""content"": ""An excellent horror film."", ""rating"": 7.7}]",,,2025-07-21T23:01:28.750582
1033,The Shining,A family heads to an isolated hotel for the winter where a sinister presence influences the father into violence.,1980-01-01,1980,"Drama, Horror",Horror,Stanley Kubrick,Stanley Kubrick,"Jack Nicholson, Shelley Duvall",146,en,English,United States of America,Major Studio,50000000,420000000,8.4,25000,84.0,False,https://image.tmdb.org/t/p/w500/poster_33.jpg,https://image.tmdb.org/t/p/w1280/backdrop_33.jpg,tt0000033,A horror masterpiece,Released,"horror, classic, 1980s","[{""author"": ""Critic"", ""content"": ""An excellent horror film."", ""rating"": 8.4}]",,,2025-07-21T23:01:28.750585
1034,A Nightmare on Elm Street,The monstrous spirit of a slain child murderer seeks revenge by invading the dreams of teenagers.,1984-01-01,1984,Horror,Horror,Wes Craven,Wes Craven,"Heather Langenkamp, Johnny Depp",101,en,English,United States of America,Major Studio,50000000,375000000,7.5,25000,75.0,False,https://image.tmdb.org/t/p/w500/poster_34.jpg,https://image.tmdb.org/t/p/w1280/backdrop_34.jpg,tt0000034,A horror masterpiece,Released,"horror, classic, 1984s","[{""author"": ""Critic"", ""content"": ""An excellent horror film."", ""rating"": 7.5}]",,,2025-07-21T23:01:28.750589
1035,Psycho,A Phoenix secretary embezzles money from her employer's client and flees to a remote motel.,1960-01-01,1960,"Horror, Mystery, Thriller",Horror,Alfred Hitchcock,Alfred Hitchcock,"Anthony Perkins, Janet Leigh",109,en,English,United States of America,Major Studio,50000000,425000000,8.5,25000,85.0,False,https://image.tmdb.org/t/p/w500/poster_35.jpg,https://image.tmdb.org/t/p/w1280/backdrop_35.jpg,tt0000035,A horror masterpiece,Released,"horror, classic, 1960s","[{""author"": ""Critic"", ""content"": ""An excellent horror film."", ""rating"": 8.5}]",,,2025-07-21T23:01:28.750593
1036,The Texas Chain Saw Massacre,Two siblings and three of their friends en route to visit their grandfather's grave in Texas fall victim to a family of cannibalistic psychopaths.,1974-01-01,1974,Horror,Horror,Tobe Hooper,Tobe Hooper,"Marilyn Burns, Edwin Neal",84,en,English,United States of America,Major Studio,50000000,375000000,7.5,25000,75.0,False,https://image.tmdb.org/t/p/w500/poster_36.jpg,https://image.tmdb.org/t/p/w1280/backdrop_36.jpg,tt0000036,A horror masterpiece,Released,"horror, classic, 1974s","[{""author"": ""Critic"", ""content"": ""An excellent horror film."", ""rating"": 7.5}]",,,2025-07-21T23:01:28.750597
1037,Rosemary's Baby,A young couple moves into an apartment only to be surrounded by peculiar neighbors and occurrences.,1968-01-01,1968,"Drama, Horror",Horror,Roman Polanski,Roman Polanski,"Mia Farrow, John Cassavetes",137,en,English,United States of America,Major Studio,50000000,400000000,8.0,25000,80.0,False,https://image.tmdb.org/t/p/w500/poster_37.jpg,https://image.tmdb.org/t/p/w1280/backdrop_37.jpg,tt0000037,A horror masterpiece,Released,"horror, classic, 1968s","[{""author"": ""Critic"", ""content"": ""An excellent horror film."", ""rating"": 8.0}]",,,2025-07-21T23:01:28.750602
1038,The Babadook,A troubled widow discovers that her son is telling the truth about a monster that entered their home through the pages of a children's book.,2014-01-01,2014,"Drama, Horror, Mystery",Horror,Jennifer Kent,Jennifer Kent,"Essie Davis, Noah Wiseman",94,en,English,United States of America,Major Studio,50000000,340000000,6.8,25000,68.0,False,https://image.tmdb.org/t/p/w500/poster_38.jpg,https://image.tmdb.org/t/p/w1280/backdrop_38.jpg,tt0000038,A horror masterpiece,Released,"horror, classic, 2014s","[{""author"": ""Critic"", ""content"": ""An excellent horror film."", ""rating"": 6.8}]",,,2025-07-21T23:01:28.750605
1039,Get Out,"A young African-American visits his white girlfriend's parents for the weekend, where his simmering uneasiness about their reception develops into terror.",2017-01-01,2017,"Horror, Mystery, Thriller",Horror,Jordan Peele,Jordan Peele,"Daniel Kaluuya, Allison Williams",104,en,English,United States of America,Major Studio,50000000,385000000,7.7,25000,77.0,False,https://image.tmdb.org/t/p/w500/poster_39.jpg,https://image.tmdb.org/t/p/w1280/backdrop_39.jpg,tt0000039,A horror masterpiece,Released,"horror, classic, 2017s","[{""author"": ""Critic"", ""content"": ""An excellent horror film."", ""rating"": 7.7}]",,,2025-07-21T23:01:28.750609
1040,Hereditary,"When Ellen passes away, her daughter Annie and her family uncover disturbing secrets about their heritage.",2018-01-01,2018,"Drama, Horror, Mystery",Horror,Ari Aster,Ari Aster,"Toni Collette, Milly Shapiro",127,en,English,United States of America,Major Studio,50000000,365000000,7.3,25000,73.0,False,https://image.tmdb.org/t/p/w500/poster_40.jpg,https://image.tmdb.org/t/p/w1280/backdrop_40.jpg,tt0000040,A horror masterpiece,Released,"horror, classic, 2018s","[{""author"": ""Critic"", ""content"": ""An excellent horror film."", ""rating"": 7.3}]",,,2025-07-21T23:01:28.750613
1041,2001: A Space Odyssey,Humanity finds a mysterious object buried beneath the lunar surface and sets off to find its origins with the help of HAL 9000.,1968-01-01,1968,"Adventure, Sci-Fi",Science Fiction,Stanley Kubrick,Stanley Kubrick,"Keir Dullea, Gary Lockwood",149,en,English,United States of America,Major Studio,50000000,415000000,8.3,25000,83.0,False,https://image.tmdb.org/t/p/w500/poster_41.jpg,https://image.tmdb.org/t/p/w1280/backdrop_41.jpg,tt0000041,A science fiction masterpiece,Released,"science fiction, classic, 1968s","[{""author"": ""Critic"", ""content"": ""An excellent science fiction film."", ""rating"": 8.3}]",,,2025-07-21T23:01:28.750617
1042,Blade Runner,"A blade runner must pursue and terminate four replicants who stole a ship in space, and have returned to the earth seeking their creator.",1982-01-01,1982,"Action, Drama, Sci-Fi",Science Fiction,Ridley Scott,Ridley Scott,"Harrison Ford, Rutger Hauer",117,en,English,United States of America,Major Studio,50000000,405000000,8.1,25000,81.0,False,https://image.tmdb.org/t/p/w500/poster_42.jpg,https://image.tmdb.org/t/p/w1280/backdrop_42.jpg,tt0000042,A science fiction masterpiece,Released,"science fiction, classic, 1982s","[{""author"": ""Critic"", ""content"": ""An excellent science fiction film."", ""rating"": 8.1}]",,,2025-07-21T23:01:28.750621
1043,Alien,"After a space merchant vessel receives an unknown transmission as a distress call, one of the crew is attacked by a mysterious life form.",1979-01-01,1979,"Horror, Sci-Fi",Science Fiction,Ridley Scott,Ridley Scott,"Sigourney Weaver, Tom Skerritt",117,en,English,United States of America,Major Studio,50000000,420000000,8.4,25000,84.0,False,https://image.tmdb.org/t/p/w500/poster_43.jpg,https://image.tmdb.org/t/p/w1280/backdrop_43.jpg,tt0000043,A science fiction masterpiece,Released,"science fiction, classic, 1979s","[{""author"": ""Critic"", ""content"": ""An excellent science fiction film."", ""rating"": 8.4}]",,,2025-07-21T23:01:28.750625
1044,Star Wars,"Luke Skywalker joins forces with a Jedi Knight, a cocky pilot, a Wookiee and two droids to save the galaxy from the Empire's world-destroying battle station.",1977-01-01,1977,"Adventure, Fantasy, Sci-Fi",Science Fiction,George Lucas,George Lucas,"Mark Hamill, Harrison Ford",121,en,English,United States of America,Major Studio,50000000,430000000,8.6,25000,86.0,False,https://image.tmdb.org/t/p/w500/poster_44.jpg,https://image.tmdb.org/t/p/w1280/backdrop_44.jpg,tt0000044,A science fiction masterpiece,Released,"science fiction, classic, 1977s","[{""author"": ""Critic"", ""content"": ""An excellent science fiction film."", ""rating"": 8.6}]",,,2025-07-21T23:01:28.750628
1045,E.T. the Extra-Terrestrial,A troubled child summons the courage to help a friendly alien escape Earth and return to his home world.,1982-01-01,1982,"Family, Sci-Fi",Science Fiction,Steven Spielberg,Steven Spielberg,"Henry Thomas, Drew Barrymore",115,en,English,United States of America,Major Studio,50000000,390000000,7.8,25000,78.0,False,https://image.tmdb.org/t/p/w500/poster_45.jpg,https://image.tmdb.org/t/p/w1280/backdrop_45.jpg,tt0000045,A science fiction masterpiece,Released,"science fiction, classic, 1982s","[{""author"": ""Critic"", ""content"": ""An excellent science fiction film."", ""rating"": 7.8}]",,,2025-07-21T23:01:28.750634
1046,Back to the Future,Marty McFly is accidentally sent back in time in a time-traveling DeLorean invented by his friend Dr. Emmett Brown.,1985-01-01,1985,"Adventure, Comedy, Sci-Fi",Science Fiction,Robert Zemeckis,Robert Zemeckis,"Michael J. Fox, Christopher Lloyd",116,en,English,United States of America,Major Studio,50000000,425000000,8.5,25000,85.0,False,https://image.tmdb.org/t/p/w500/poster_46.jpg,https://image.tmdb.org/t/p/w1280/backdrop_46.jpg,tt0000046,A science fiction masterpiece,Released,"science fiction, classic, 1985s","[{""author"": ""Critic"", ""content"": ""An excellent science fiction film."", ""rating"": 8.5}]",,,2025-07-21T23:01:28.750637
1047,The Empire Strikes Back,"After the rebels are overpowered by the Empire, Luke Skywalker begins Jedi training with Yoda.",1980-01-01,1980,"Adventure, Fantasy, Sci-Fi",Science Fiction,Irvin Kershner,Irvin Kershner,"Mark Hamill, Harrison Ford",124,en,English,United States of America,Major Studio,50000000,434999999,8.7,25000,87.0,False,https://image.tmdb.org/t/p/w500/poster_47.jpg,https://image.tmdb.org/t/p/w1280/backdrop_47.jpg,tt0000047,A science fiction masterpiece,Released,"science fiction, classic, 1980s","[{""author"": ""Critic"", ""content"": ""An excellent science fiction film."", ""rating"": 8.7}]",,,2025-07-21T23:01:28.750641
1048,Inception,A thief who steals corporate secrets through dream-sharing technology is given the inverse task of planting an idea into a CEO's mind.,2010-01-01,2010,"Action, Adventure, Sci-Fi",Science Fiction,Christopher Nolan,Christopher Nolan,"Leonardo DiCaprio, Marion Cotillard",148,en,English,United States of America,Major Studio,50000000,440000000,8.8,25000,88.0,False,https://image.tmdb.org/t/p/w500/poster_48.jpg,https://image.tmdb.org/t/p/w1280/backdrop_48.jpg,tt0000048,A science fiction masterpiece,Released,"science fiction, classic, 2010s","[{""author"": ""Critic"", ""content"": ""An excellent science fiction film."", ""rating"": 8.8}]",,,2025-07-21T23:01:28.750645
1049,Interstellar,A team of explorers travel through a wormhole in space in an attempt to ensure humanity's survival.,2014-01-01,2014,"Adventure, Drama, Sci-Fi",Science Fiction,Christopher Nolan,Christopher Nolan,"Matthew McConaughey, Anne Hathaway",169,en,English,United States of America,Major Studio,50000000,430000000,8.6,25000,86.0,False,https://image.tmdb.org/t/p/w500/poster_49.jpg,https://image.tmdb.org/t/p/w1280/backdrop_49.jpg,tt0000049,A science fiction masterpiece,Released,"science fiction, classic, 2014s","[{""author"": ""Critic"", ""content"": ""An excellent science fiction film."", ""rating"": 8.6}]",,,2025-07-21T23:01:28.750649
1050,The Matrix,A computer hacker learns from mysterious rebels about the true nature of his reality and his role in the war against its controllers.,1999-01-01,1999,"Action, Sci-Fi",Science Fiction,The Wachowskis,The Wachowskis,"Keanu Reeves, Laurence Fishburne",136,en,English,United States of America,Major Studio,50000000,434999999,8.7,25000,87.0,False,https://image.tmdb.org/t/p/w500/poster_50.jpg,https://image.tmdb.org/t/p/w1280/backdrop_50.jpg,tt0000050,A science fiction masterpiece,Released,"science fiction, classic, 1999s","[{""author"": ""Critic"", ""content"": ""An excellent science fiction film."", ""rating"": 8.7}]",,,2025-07-21T23:01:28.750652
1051,Casablanca,A cynical expatriate American cafe owner struggles to decide whether or not to help his former lover and her fugitive husband escape the Nazis in French Morocco.,1942-01-01,1942,"Drama, Romance, War",Romance,Michael Curtiz,Michael Curtiz,"Humphrey Bogart, Ingrid Bergman",102,en,English,United States of America,Major Studio,50000000,425000000,8.5,25000,85.0,False,https://image.tmdb.org/t/p/w500/poster_51.jpg,https://image.tmdb.org/t/p/w1280/backdrop_51.jpg,tt0000051,A romance masterpiece,Released,"romance, classic, 1942s","[{""author"": ""Critic"", ""content"": ""An excellent romance film."", ""rating"": 8.5}]",,,2025-07-21T23:01:28.750656
1052,The Princess Bride,"A bedridden boy's grandfather reads him the story of a farmboy-turned-pirate who encounters numerous obstacles, enemies and allies in his quest to be reunited with his true love.",1987-01-01,1987,"Adventure, Family, Fantasy, Romance",Romance,Rob Reiner,Rob Reiner,"Cary Elwes, Robin Wright",98,en,English,United States of America,Major Studio,50000000,400000000,8.0,25000,80.0,False,https://image.tmdb.org/t/p/w500/poster_52.jpg,https://image.tmdb.org/t/p/w1280/backdrop_52.jpg,tt0000052,A romance masterpiece,Released,"romance, classic, 1987s","[{""author"": ""Critic"", ""content"": ""An excellent romance film."", ""rating"": 8.0}]",,,2025-07-21T23:01:28.750660
1053,Roman Holiday,A bored and sheltered princess escapes her guardians and falls in love with an American newsman in Rome.,1953-01-01,1953,"Comedy, Romance",Romance,William Wyler,William Wyler,"Gregory Peck, Audrey Hepburn",118,en,English,United States of America,Major Studio,50000000,400000000,8.0,25000,80.0,False,https://image.tmdb.org/t/p/w500/poster_53.jpg,https://image.tmdb.org/t/p/w1280/backdrop_53.jpg,tt0000053,A romance masterpiece,Released,"romance, classic, 1953s","[{""author"": ""Critic"", ""content"": ""An excellent romance film."", ""rating"": 8.0}]",,,2025-07-21T23:01:28.750663
1054,Titanic,"A seventeen-year-old aristocrat falls in love with a kind but poor artist aboard the luxurious, ill-fated R.M.S. Titanic.",1997-01-01,1997,"Drama, Romance",Romance,James Cameron,James Cameron,"Leonardo DiCaprio, Kate Winslet",194,en,English,United States of America,Major Studio,50000000,390000000,7.8,25000,78.0,False,https://image.tmdb.org/t/p/w500/poster_54.jpg,https://image.tmdb.org/t/p/w1280/backdrop_54.jpg,tt0000054,A romance masterpiece,Released,"romance, classic, 1997s","[{""author"": ""Critic"", ""content"": ""An excellent romance film."", ""rating"": 7.8}]",,,2025-07-21T23:01:28.750667
1055,When Harry Met Sally,"Harry and Sally have known each other for years, and are very good friends, but they fear sex would ruin the friendship.",1989-01-01,1989,"Comedy, Drama, Romance",Romance,Rob Reiner,Rob Reiner,"Billy Crystal, Meg Ryan",96,en,English,United States of America,Major Studio,50000000,385000000,7.7,25000,77.0,False,https://image.tmdb.org/t/p/w500/poster_55.jpg,https://image.tmdb.org/t/p/w1280/backdrop_55.jpg,tt0000055,A romance masterpiece,Released,"romance, classic, 1989s","[{""author"": ""Critic"", ""content"": ""An excellent romance film."", ""rating"": 7.7}]",,,2025-07-21T23:01:28.750671
1056,Sleepless in Seattle,A recently widowed man's son calls a radio talk-show in an attempt to find his father a partner.,1993-01-01,1993,"Comedy, Drama, Romance",Romance,Nora Ephron,Nora Ephron,"Tom Hanks, Meg Ryan",105,en,English,United States of America,Major Studio,50000000,340000000,6.8,25000,68.0,False,https://image.tmdb.org/t/p/w500/poster_56.jpg,https://image.tmdb.org/t/p/w1280/backdrop_56.jpg,tt0000056,A romance masterpiece,Released,"romance, classic, 1993s","[{""author"": ""Critic"", ""content"": ""An excellent romance film."", ""rating"": 6.8}]",,,2025-07-21T23:01:28.750674
1057,Pretty Woman,"A man in a legal but hurtful business needs an escort for some social events, and hires a beautiful prostitute he meets.",1990-01-01,1990,"Comedy, Romance",Romance,Garry Marshall,Garry Marshall,"Richard Gere, Julia Roberts",119,en,English,United States of America,Major Studio,50000000,350000000,7.0,25000,70.0,False,https://image.tmdb.org/t/p/w500/poster_57.jpg,https://image.tmdb.org/t/p/w1280/backdrop_57.jpg,tt0000057,A romance masterpiece,Released,"romance, classic, 1990s","[{""author"": ""Critic"", ""content"": ""An excellent romance film."", ""rating"": 7.0}]",,,2025-07-21T23:01:28.750678
1058,Ghost,"After a young man is murdered, his spirit stays behind to warn his lover of impending danger, with the help of a reluctant psychic.",1990-01-01,1990,"Drama, Fantasy, Romance",Romance,Jerry Zucker,Jerry Zucker,"Patrick Swayze, Demi Moore",127,en,English,United States of America,Major Studio,50000000,355000000,7.1,25000,71.0,False,https://image.tmdb.org/t/p/w500/poster_58.jpg,https://image.tmdb.org/t/p/w1280/backdrop_58.jpg,tt0000058,A romance masterpiece,Released,"romance, classic, 1990s","[{""author"": ""Critic"", ""content"": ""An excellent romance film."", ""rating"": 7.1}]",,,2025-07-21T23:01:28.750682
1059,The Notebook,"A poor yet passionate young man falls in love with a rich young woman, giving her a sense of freedom, but they are soon separated because of their social differences.",2004-01-01,2004,"Drama, Romance",Romance,Nick Cassavetes,Nick Cassavetes,"Ryan Gosling, Rachel McAdams",123,en,English,United States of America,Major Studio,50000000,390000000,7.8,25000,78.0,False,https://image.tmdb.org/t/p/w500/poster_59.jpg,https://image.tmdb.org/t/p/w1280/backdrop_59.jpg,tt0000059,A romance masterpiece,Released,"romance, classic, 2004s","[{""author"": ""Critic"", ""content"": ""An excellent romance film."", ""rating"": 7.8}]",,,2025-07-21T23:01:28.750685
1060,Eternal Sunshine of the Spotless Mind,"When their relationship turns sour, a couple undergoes a medical procedure to have each other erased from their memories.",2004-01-01,2004,"Drama, Romance, Sci-Fi",Romance,Michel Gondry,Michel Gondry,"Jim Carrey, Kate Winslet",108,en,English,United States of America,Major Studio,50000000,415000000,8.3,25000,83.0,False,https://image.tmdb.org/t/p/w500/poster_60.jpg,https://image.tmdb.org/t/p/w1280/backdrop_60.jpg,tt0000060,A romance masterpiece,Released,"romance, classic, 2004s","[{""author"": ""Critic"", ""content"": ""An excellent romance film."", ""rating"": 8.3}]",,,2025-07-21T23:01:28.750690
1061,Pulp Fiction,"The lives of two mob hitmen, a boxer, a gangster and his wife intertwine in four tales of violence and redemption.",1994-01-01,1994,"Crime, Drama",Thriller,Quentin Tarantino,Quentin Tarantino,"John Travolta, Uma Thurman, Samuel L. Jackson",154,en,English,United States of America,Major Studio,50000000,445000000,8.9,25000,89.0,False,https://image.tmdb.org/t/p/w500/poster_61.jpg,https://image.tmdb.org/t/p/w1280/backdrop_61.jpg,tt0000061,A thriller masterpiece,Released,"thriller, classic, 1994s","[{""author"": ""Critic"", ""content"": ""An excellent thriller film."", ""rating"": 8.9}]",,,2025-07-21T23:01:28.750694
1062,Se7en,Two detectives hunt a serial killer who uses the seven deadly sins as his motives.,1995-01-01,1995,"Crime, Drama, Mystery",Thriller,David Fincher,David Fincher,"Morgan Freeman, Brad Pitt",127,en,English,United States of America,Major Studio,50000000,430000000,8.6,25000,86.0,False,https://image.tmdb.org/t/p/w500/poster_62.jpg,https://image.tmdb.org/t/p/w1280/backdrop_62.jpg,tt0000062,A thriller masterpiece,Released,"thriller, classic, 1995s","[{""author"": ""Critic"", ""content"": ""An excellent thriller film."", ""rating"": 8.6}]",,,2025-07-21T23:01:28.750698
1063,The Silence of the Lambs,A young FBI cadet must receive the help of an incarcerated and manipulative cannibal killer to help catch another serial killer.,1991-01-01,1991,"Crime, Drama, Thriller",Thriller,Jonathan Demme,Jonathan Demme,"Jodie Foster, Anthony Hopkins",118,en,English,United States of America,Major Studio,50000000,430000000,8.6,25000,86.0,False,https://image.tmdb.org/t/p/w500/poster_63.jpg,https://image.tmdb.org/t/p/w1280/backdrop_63.jpg,tt0000063,A thriller masterpiece,Released,"thriller, classic, 1991s","[{""author"": ""Critic"", ""content"": ""An excellent thriller film."", ""rating"": 8.6}]",,,2025-07-21T23:01:28.750702
1064,Zodiac,A cartoonist becomes obsessed with the Zodiac Killer and his own investigation into the real-life unsolved murders.,2007-01-01,2007,"Crime, Drama, History",Thriller,David Fincher,David Fincher,"Jake Gyllenhaal, Mark Ruffalo",157,en,English,United States of America,Major Studio,50000000,385000000,7.7,25000,77.0,False,https://image.tmdb.org/t/p/w500/poster_64.jpg,https://image.tmdb.org/t/p/w1280/backdrop_64.jpg,tt0000064,A thriller masterpiece,Released,"thriller, classic, 2007s","[{""author"": ""Critic"", ""content"": ""An excellent thriller film."", ""rating"": 7.7}]",,,2025-07-21T23:01:28.750706
1065,No Country for Old Men,Violence and mayhem ensue after a hunter stumbles upon a drug deal gone wrong and more than two million dollars in cash near the Rio Grande.,2007-01-01,2007,"Crime, Drama, Thriller",Thriller,"Joel Coen, Ethan Coen","Joel Coen, Ethan Coen","Tommy Lee Jones, Javier Bardem",122,en,English,United States of America,Major Studio,50000000,405000000,8.1,25000,81.0,False,https://image.tmdb.org/t/p/w500/poster_65.jpg,https://image.tmdb.org/t/p/w1280/backdrop_65.jpg,tt0000065,A thriller masterpiece,Released,"thriller, classic, 2007s","[{""author"": ""Critic"", ""content"": ""An excellent thriller film."", ""rating"": 8.1}]",,,2025-07-21T23:01:28.750709
1066,Heat,A group of professional bank robbers start to feel the heat from police when they unknowingly leave a clue at their latest heist.,1995-01-01,1995,"Action, Crime, Drama",Thriller,Michael Mann,Michael Mann,"Al Pacino, Robert De Niro",170,en,English,United States of America,Major Studio,50000000,409999999,8.2,25000,82.0,False,https://image.tmdb.org/t/p/w500/poster_66.jpg,https://image.tmdb.org/t/p/w1280/backdrop_66.jpg,tt0000066,A thriller masterpiece,Released,"thriller, classic, 1995s","[{""author"": ""Critic"", ""content"": ""An excellent thriller film."", ""rating"": 8.2}]",,,2025-07-21T23:01:28.750713
1067,Vertigo,A former police detective juggles wrestling with his personal demons and becoming obsessed with a woman who reminds him of a murder case he investigated.,1958-01-01,1958,"Mystery, Romance, Thriller",Thriller,Alfred Hitchcock,Alfred Hitchcock,"James Stewart, Kim Novak",128,en,English,United States of America,Major Studio,50000000,415000000,8.3,25000,83.0,False,https://image.tmdb.org/t/p/w500/poster_67.jpg,https://image.tmdb.org/t/p/w1280/backdrop_67.jpg,tt0000067,A thriller masterpiece,Released,"thriller, classic, 1958s","[{""author"": ""Critic"", ""content"": ""An excellent thriller film."", ""rating"": 8.3}]",,,2025-07-21T23:01:28.750720
1068,North by Northwest,A Madison Avenue executive is pursued by killers who believe he is a government agent.,1959-01-01,1959,"Action, Adventure, Mystery",Thriller,Alfred Hitchcock,Alfred Hitchcock,"Cary Grant, Eva Marie Saint",136,en,English,United States of America,Major Studio,50000000,415000000,8.3,25000,83.0,False,https://image.tmdb.org/t/p/w500/poster_68.jpg,https://image.tmdb.org/t/p/w1280/backdrop_68.jpg,tt0000068,A thriller masterpiece,Released,"thriller, classic, 1959s","[{""author"": ""Critic"", ""content"": ""An excellent thriller film."", ""rating"": 8.3}]",,,2025-07-21T23:01:28.750723
1069,Rear Window,A wheelchair-bound photographer spies on his neighbors from his apartment window and becomes convinced one of them has committed murder.,1954-01-01,1954,"Mystery, Thriller",Thriller,Alfred Hitchcock,Alfred Hitchcock,"James Stewart, Grace Kelly",112,en,English,United States of America,Major Studio,50000000,420000000,8.4,25000,84.0,False,https://image.tmdb.org/t/p/w500/poster_69.jpg,https://image.tmdb.org/t/p/w1280/backdrop_69.jpg,tt0000069,A thriller masterpiece,Released,"thriller, classic, 1954s","[{""author"": ""Critic"", ""content"": ""An excellent thriller film."", ""rating"": 8.4}]",,,2025-07-21T23:01:28.750727
1070,Gone Girl,"With his wife's disappearance having become the focus of an intense media circus, a man sees the spotlight turned on him when it's suspected that he may not be innocent.",2014-01-01,2014,"Drama, Mystery, Thriller",Thriller,David Fincher,David Fincher,"Ben Affleck, Rosamund Pike",149,en,English,United States of America,Major Studio,50000000,405000000,8.1,25000,81.0,False,https://image.tmdb.org/t/p/w500/poster_70.jpg,https://image.tmdb.org/t/p/w1280/backdrop_70.jpg,tt0000070,A thriller masterpiece,Released,"thriller, classic, 2014s","[{""author"": ""Critic"", ""content"": ""An excellent thriller film."", ""rating"": 8.1}]",,,2025-07-21T23:01:28.750731
1071,The Lord of the Rings: The Fellowship of the Ring,A meek Hobbit from the Shire and eight companions set out on a journey to destroy the powerful One Ring and save Middle-earth from the Dark Lord Sauron.,2001-01-01,2001,"Adventure, Drama, Fantasy",Fantasy,Peter Jackson,Peter Jackson,"Elijah Wood, Ian McKellen",178,en,English,United States of America,Major Studio,50000000,440000000,8.8,25000,88.0,False,https://image.tmdb.org/t/p/w500/poster_71.jpg,https://image.tmdb.org/t/p/w1280/backdrop_71.jpg,tt0000071,A fantasy masterpiece,Released,"fantasy, classic, 2001s","[{""author"": ""Critic"", ""content"": ""An excellent fantasy film."", ""rating"": 8.8}]",,,2025-07-21T23:01:28.750734
1072,Pan's Labyrinth,"In the Falangist Spain of 1944, the bookish young stepdaughter of a sadistic army officer escapes into an eerie but captivating fantasy world.",2006-01-01,2006,"Drama, Fantasy, War",Fantasy,Guillermo del Toro,Guillermo del Toro,"Ivana Baquero, Ariadna Gil",118,en,English,United States of America,Major Studio,50000000,409999999,8.2,25000,82.0,False,https://image.tmdb.org/t/p/w500/poster_72.jpg,https://image.tmdb.org/t/p/w1280/backdrop_72.jpg,tt0000072,A fantasy masterpiece,Released,"fantasy, classic, 2006s","[{""author"": ""Critic"", ""content"": ""An excellent fantasy film."", ""rating"": 8.2}]",,,2025-07-21T23:01:28.750738
1073,The Wizard of Oz,Dorothy gale is swept away from a farm in Kansas to a magical land of Oz in a tornado and embarks on a quest with her new friends to see the Wizard who can help her return home.,1939-01-01,1939,"Adventure, Family, Fantasy",Fantasy,Victor Fleming,Victor Fleming,"Judy Garland, Frank Morgan",102,en,English,United States of America,Major Studio,50000000,400000000,8.0,25000,80.0,False,https://image.tmdb.org/t/p/w500/poster_73.jpg,https://image.tmdb.org/t/p/w1280/backdrop_73.jpg,tt0000073,A fantasy masterpiece,Released,"fantasy, classic, 1939s","[{""author"": ""Critic"", ""content"": ""An excellent fantasy film."", ""rating"": 8.0}]",,,2025-07-21T23:01:28.750742
1074,Big Fish,A frustrated son tries to determine the fact from fiction in his dying father's life.,2003-01-01,2003,"Adventure, Drama, Fantasy",Fantasy,Tim Burton,Tim Burton,"Ewan McGregor, Albert Finney",125,en,English,United States of America,Major Studio,50000000,400000000,8.0,25000,80.0,False,https://image.tmdb.org/t/p/w500/poster_74.jpg,https://image.tmdb.org/t/p/w1280/backdrop_74.jpg,tt0000074,A fantasy masterpiece,Released,"fantasy, classic, 2003s","[{""author"": ""Critic"", ""content"": ""An excellent fantasy film."", ""rating"": 8.0}]",,,2025-07-21T23:01:28.750745
1075,The Shape of Water,"At a top secret research facility in the 1960s, a lonely janitor forms a unique relationship with an amphibious creature that is being held in captivity.",2017-01-01,2017,"Adventure, Drama, Fantasy",Fantasy,Guillermo del Toro,Guillermo del Toro,"Sally Hawkins, Octavia Spencer",123,en,English,United States of America,Major Studio,50000000,365000000,7.3,25000,73.0,False,https://image.tmdb.org/t/p/w500/poster_75.jpg,https://image.tmdb.org/t/p/w1280/backdrop_75.jpg,tt0000075,A fantasy masterpiece,Released,"fantasy, classic, 2017s","[{""author"": ""Critic"", ""content"": ""An excellent fantasy film."", ""rating"": 7.3}]",,,2025-07-21T23:01:28.750749
1076,Edward Scissorhands,"A gentle man, with scissors for hands, is brought into a new community after living in isolation.",1990-01-01,1990,"Drama, Fantasy, Romance",Fantasy,Tim Burton,Tim Burton,"Johnny Depp, Winona Ryder",105,en,English,United States of America,Major Studio,50000000,395000000,7.9,25000,79.0,False,https://image.tmdb.org/t/p/w500/poster_76.jpg,https://image.tmdb.org/t/p/w1280/backdrop_76.jpg,tt0000076,A fantasy masterpiece,Released,"fantasy, classic, 1990s","[{""author"": ""Critic"", ""content"": ""An excellent fantasy film."", ""rating"": 7.9}]",,,2025-07-21T23:01:28.750752
1077,The Princess Bride,"A bedridden boy's grandfather reads him the story of a farmboy-turned-pirate who encounters numerous obstacles, enemies and allies in his quest to be reunited with his true love.",1987-01-01,1987,"Adventure, Family, Fantasy",Fantasy,Rob Reiner,Rob Reiner,"Cary Elwes, Robin Wright",98,en,English,United States of America,Major Studio,50000000,400000000,8.0,25000,80.0,False,https://image.tmdb.org/t/p/w500/poster_77.jpg,https://image.tmdb.org/t/p/w1280/backdrop_77.jpg,tt0000077,A fantasy masterpiece,Released,"fantasy, classic, 1987s","[{""author"": ""Critic"", ""content"": ""An excellent fantasy film."", ""rating"": 8.0}]",,,2025-07-21T23:01:28.750756
1078,Harry Potter and the Philosopher's Stone,"An orphaned boy enrolls in a school of wizardry, where he learns the truth about himself, his family and the terrible evil that haunts the magical world.",2001-01-01,2001,"Adventure, Family, Fantasy",Fantasy,Chris Columbus,Chris Columbus,"Daniel Radcliffe, Rupert Grint",152,en,English,United States of America,Major Studio,50000000,380000000,7.6,25000,76.0,False,https://image.tmdb.org/t/p/w500/poster_78.jpg,https://image.tmdb.org/t/p/w1280/backdrop_78.jpg,tt0000078,A fantasy masterpiece,Released,"fantasy, classic, 2001s","[{""author"": ""Critic"", ""content"": ""An excellent fantasy film."", ""rating"": 7.6}]",,,2025-07-21T23:01:28.750761
1079,Pirates of the Caribbean: The Curse of the Black Pearl,"Blacksmith Will Turner teams up with eccentric pirate ""Captain"" Jack Sparrow to save his love, the governor's daughter, from Jack's former pirate allies, who are now undead.",2003-01-01,2003,"Action, Adventure, Fantasy",Fantasy,Gore Verbinski,Gore Verbinski,"Johnny Depp, Geoffrey Rush",143,en,English,United States of America,Major Studio,50000000,400000000,8.0,25000,80.0,False,https://image.tmdb.org/t/p/w500/poster_79.jpg,https://image.tmdb.org/t/p/w1280/backdrop_79.jpg,tt0000079,A fantasy masterpiece,Released,"fantasy, classic, 2003s","[{""author"": ""Critic"", ""content"": ""An excellent fantasy film."", ""rating"": 8.0}]",,,2025-07-21T23:01:28.750764
1080,Spirited Away,"During her family's move to the suburbs, a sullen 10-year-old girl wanders into a world ruled by gods, witches, and spirits, and where humans are changed into beasts.",2001-01-01,2001,"Adventure, Family, Supernatural",Fantasy,Hayao Miyazaki,Hayao Miyazaki,"Rumi Hiiragi, Miyu Irino",125,en,English,United States of America,Major Studio,50000000,459999999,9.2,25000,92.0,False,https://image.tmdb.org/t/p/w500/poster_80.jpg,https://image.tmdb.org/t/p/w1280/backdrop_80.jpg,tt0000080,A fantasy masterpiece,Released,"fantasy, classic, 2001s","[{""author"": ""Critic"", ""content"": ""An excellent fantasy film."", ""rating"": 9.2}]",,,2025-07-21T23:01:28.750768
1081,Toy Story,A cowboy doll is profoundly threatened and jealous when a new spaceman figure supplants him as top toy in a boy's room.,1995-01-01,1995,"Adventure, Animation, Comedy",Animation,John Lasseter,John Lasseter,"Tom Hanks, Tim Allen",81,en,English,United States of America,Major Studio,50000000,415000000,8.3,25000,83.0,False,https://image.tmdb.org/t/p/w500/poster_81.jpg,https://image.tmdb.org/t/p/w1280/backdrop_81.jpg,tt0000081,A animation masterpiece,Released,"animation, classic, 1995s","[{""author"": ""Critic"", ""content"": ""An excellent animation film."", ""rating"": 8.3}]",,,2025-07-21T23:01:28.750772
1082,Finding Nemo,"After his son is captured in the Great Barrier Reef and taken to Sydney, a timid clownfish sets out on a journey to bring him home.",2003-01-01,2003,"Adventure, Animation, Comedy",Animation,Andrew Stanton,Andrew Stanton,"Albert Brooks, Ellen DeGeneres",100,en,English,United States of America,Major Studio,50000000,409999999,8.2,25000,82.0,False,https://image.tmdb.org/t/p/w500/poster_82.jpg,https://image.tmdb.org/t/p/w1280/backdrop_82.jpg,tt0000082,A animation masterpiece,Released,"animation, classic, 2003s","[{""author"": ""Critic"", ""content"": ""An excellent animation film."", ""rating"": 8.2}]",,,2025-07-21T23:01:28.750776
1083,The Lion King,"A Lion cub crown prince is tricked by a treacherous uncle into thinking he caused his father's death and flees into exile in despair, only to learn in adulthood his identity and his responsibilities.",1994-01-01,1994,"Adventure, Animation, Drama",Animation,Roger Allers,Roger Allers,"Matthew Broderick, Jeremy Irons",88,en,English,United States of America,Major Studio,50000000,425000000,8.5,25000,85.0,False,https://image.tmdb.org/t/p/w500/poster_83.jpg,https://image.tmdb.org/t/p/w1280/backdrop_83.jpg,tt0000083,A animation masterpiece,Released,"animation, classic, 1994s","[{""author"": ""Critic"", ""content"": ""An excellent animation film."", ""rating"": 8.5}]",,,2025-07-21T23:01:28.750780
1084,Up,"78-year-old Carl Fredricksen travels to Paradise Falls in his house equipped with balloons, inadvertently taking a young stowaway.",2009-01-01,2009,"Adventure, Animation, Comedy",Animation,Pete Docter,Pete Docter,"Ed Asner, Christopher Plummer",96,en,English,United States of America,Major Studio,50000000,409999999,8.2,25000,82.0,False,https://image.tmdb.org/t/p/w500/poster_84.jpg,https://image.tmdb.org/t/p/w1280/backdrop_84.jpg,tt0000084,A animation masterpiece,Released,"animation, classic, 2009s","[{""author"": ""Critic"", ""content"": ""An excellent animation film."", ""rating"": 8.2}]",,,2025-07-21T23:01:28.750783
1085,WALL-E,"In the distant future, a small waste-collecting robot inadvertently embarks on a space journey that will ultimately decide the fate of mankind.",2008-01-01,2008,"Adventure, Animation, Family",Animation,Andrew Stanton,Andrew Stanton,"Ben Burtt, Elissa Knight",98,en,English,United States of America,Major Studio,50000000,420000000,8.4,25000,84.0,False,https://image.tmdb.org/t/p/w500/poster_85.jpg,https://image.tmdb.org/t/p/w1280/backdrop_85.jpg,tt0000085,A animation masterpiece,Released,"animation, classic, 2008s","[{""author"": ""Critic"", ""content"": ""An excellent animation film."", ""rating"": 8.4}]",,,2025-07-21T23:01:28.750787
1086,Spirited Away,"During her family's move to the suburbs, a sullen 10-year-old girl wanders into a world ruled by gods, witches, and spirits, and where humans are changed into beasts.",2001-01-01,2001,"Adventure, Animation, Family",Animation,Hayao Miyazaki,Hayao Miyazaki,"Rumi Hiiragi, Miyu Irino",125,en,English,United States of America,Major Studio,50000000,459999999,9.2,25000,92.0,False,https://image.tmdb.org/t/p/w500/poster_86.jpg,https://image.tmdb.org/t/p/w1280/backdrop_86.jpg,tt0000086,A animation masterpiece,Released,"animation, classic, 2001s","[{""author"": ""Critic"", ""content"": ""An excellent animation film."", ""rating"": 9.2}]",,,2025-07-21T23:01:28.750790
1087,Inside Out,"After young Riley is uprooted from her Midwest life and moved to San Francisco, her emotions - Joy, Fear, Anger, Disgust and Sadness - conflict on how best to navigate a new city, house, and school.",2015-01-01,2015,"Adventure, Animation, Comedy",Animation,Pete Docter,Pete Docter,"Amy Poehler, Phyllis Smith",95,en,English,United States of America,Major Studio,50000000,405000000,8.1,25000,81.0,False,https://image.tmdb.org/t/p/w500/poster_87.jpg,https://image.tmdb.org/t/p/w1280/backdrop_87.jpg,tt0000087,A animation masterpiece,Released,"animation, classic, 2015s","[{""author"": ""Critic"", ""content"": ""An excellent animation film."", ""rating"": 8.1}]",,,2025-07-21T23:01:28.750794
1088,The Incredibles,"A family of undercover superheroes, while trying to live the quiet suburban life, are forced into action to save the world.",2004-01-01,2004,"Action, Adventure, Animation",Animation,Brad Bird,Brad Bird,"Craig T. Nelson, Holly Hunter",125,en,English,United States of America,Major Studio,50000000,400000000,8.0,25000,80.0,False,https://image.tmdb.org/t/p/w500/poster_88.jpg,https://image.tmdb.org/t/p/w1280/backdrop_88.jpg,tt0000088,A animation masterpiece,Released,"animation, classic, 2004s","[{""author"": ""Critic"", ""content"": ""An excellent animation film."", ""rating"": 8.0}]",,,2025-07-21T23:01:28.750799
1089,Shrek,"A mean lord exiles fairytale creatures to the swamp of a grumpy ogre, who must go on a quest and rescue a princess for the lord in order to get his land back.",2001-01-01,2001,"Adventure, Animation, Comedy",Animation,Andrew Adamson,Andrew Adamson,"Mike Myers, Eddie Murphy",90,en,English,United States of America,Major Studio,50000000,395000000,7.9,25000,79.0,False,https://image.tmdb.org/t/p/w500/poster_89.jpg,https://image.tmdb.org/t/p/w1280/backdrop_89.jpg,tt0000089,A animation masterpiece,Released,"animation, classic, 2001s","[{""author"": ""Critic"", ""content"": ""An excellent animation film."", ""rating"": 7.9}]",,,2025-07-21T23:01:28.750803
1090,Spider-Man: Into the Spider-Verse,"Teen Miles Morales becomes the Spider-Man of his universe, and must join with five spider-powered individuals from other dimensions to stop a threat for all realities.",2018-01-01,2018,"Action, Adventure, Animation",Animation,Bob Persichetti,Bob Persichetti,"Shameik Moore, Jake Johnson",117,en,English,United States of America,Major Studio,50000000,420000000,8.4,25000,84.0,False,https://image.tmdb.org/t/p/w500/poster_90.jpg,https://image.tmdb.org/t/p/w1280/backdrop_90.jpg,tt0000090,A animation masterpiece,Released,"animation, classic, 2018s","[{""author"": ""Critic"", ""content"": ""An excellent animation film."", ""rating"": 8.4}]",,,2025-07-21T23:01:28.750807
1091,The Maltese Falcon,"A private detective takes on a case that involves him with three eccentric criminals, a gorgeous liar, and their quest for a priceless statuette.",1941-01-01,1941,"Crime, Mystery",Mystery,John Huston,John Huston,"Humphrey Bogart, Mary Astor",100,en,English,United States of America,Major Studio,50000000,395000000,7.9,25000,79.0,False,https://image.tmdb.org/t/p/w500/poster_91.jpg,https://image.tmdb.org/t/p/w1280/backdrop_91.jpg,tt0000091,A mystery masterpiece,Released,"mystery, classic, 1941s","[{""author"": ""Critic"", ""content"": ""An excellent mystery film."", ""rating"": 7.9}]",,,2025-07-21T23:01:28.750810
1092,Chinatown,"A private detective hired to expose an adulterer finds himself caught up in a web of deceit, corruption, and murder.",1974-01-01,1974,"Drama, Mystery, Thriller",Mystery,Roman Polanski,Roman Polanski,"Jack Nicholson, Faye Dunaway",130,en,English,United States of America,Major Studio,50000000,409999999,8.2,25000,82.0,False,https://image.tmdb.org/t/p/w500/poster_92.jpg,https://image.tmdb.org/t/p/w1280/backdrop_92.jpg,tt0000092,A mystery masterpiece,Released,"mystery, classic, 1974s","[{""author"": ""Critic"", ""content"": ""An excellent mystery film."", ""rating"": 8.2}]",,,2025-07-21T23:01:28.750814
1093,The Third Man,"Pulp novelist Holly Martins travels to shadowy, postwar Vienna, only to find himself investigating the mysterious death of an old friend, Harry Lime.",1949-01-01,1949,"Mystery, Thriller",Mystery,Carol Reed,Carol Reed,"Joseph Cotten, Alida Valli",93,en,English,United States of America,Major Studio,50000000,405000000,8.1,25000,81.0,False,https://image.tmdb.org/t/p/w500/poster_93.jpg,https://image.tmdb.org/t/p/w1280/backdrop_93.jpg,tt0000093,A mystery masterpiece,Released,"mystery, classic, 1949s","[{""author"": ""Critic"", ""content"": ""An excellent mystery film."", ""rating"": 8.1}]",,,2025-07-21T23:01:28.750818
1094,L.A. Confidential,"As corruption grows in 1950s LA, three policemen - one strait-laced, one brutal, and one sleazy - investigate a series of murders with their own brand of justice.",1997-01-01,1997,"Crime, Drama, Mystery",Mystery,Curtis Hanson,Curtis Hanson,"Kevin Spacey, Russell Crowe",138,en,English,United States of America,Major Studio,50000000,409999999,8.2,25000,82.0,False,https://image.tmdb.org/t/p/w500/poster_94.jpg,https://image.tmdb.org/t/p/w1280/backdrop_94.jpg,tt0000094,A mystery masterpiece,Released,"mystery, classic, 1997s","[{""author"": ""Critic"", ""content"": ""An excellent mystery film."", ""rating"": 8.2}]",,,2025-07-21T23:01:28.750822
1095,The Big Sleep,"Private detective Philip Marlowe is hired by a wealthy family. Before the complex case is over, he's seen murder, blackmail, and what might be love.",1946-01-01,1946,"Crime, Mystery, Thriller",Mystery,Howard Hawks,Howard Hawks,"Humphrey Bogart, Lauren Bacall",114,en,English,United States of America,Major Studio,50000000,395000000,7.9,25000,79.0,False,https://image.tmdb.org/t/p/w500/poster_95.jpg,https://image.tmdb.org/t/p/w1280/backdrop_95.jpg,tt0000095,A mystery masterpiece,Released,"mystery, classic, 1946s","[{""author"": ""Critic"", ""content"": ""An excellent mystery film."", ""rating"": 7.9}]",,,2025-07-21T23:01:28.750826
1096,Murder on the Orient Express,"In December 1935, when his train is stopped by deep snow, detective Hercule Poirot is called on to solve a murder that occurred in his car the night before.",1974-01-01,1974,"Crime, Drama, Mystery",Mystery,Sidney Lumet,Sidney Lumet,"Albert Finney, Lauren Bacall",128,en,English,United States of America,Major Studio,50000000,365000000,7.3,25000,73.0,False,https://image.tmdb.org/t/p/w500/poster_96.jpg,https://image.tmdb.org/t/p/w1280/backdrop_96.jpg,tt0000096,A mystery masterpiece,Released,"mystery, classic, 1974s","[{""author"": ""Critic"", ""content"": ""An excellent mystery film."", ""rating"": 7.3}]",,,2025-07-21T23:01:28.750829
1097,The Usual Suspects,"A sole survivor tells of the twisty events leading up to a horrific gun battle on a boat, which begin when five criminals meet at a seemingly random police lineup.",1995-01-01,1995,"Crime, Mystery, Thriller",Mystery,Bryan Singer,Bryan Singer,"Kevin Spacey, Gabriel Byrne",106,en,English,United States of America,Major Studio,50000000,425000000,8.5,25000,85.0,False,https://image.tmdb.org/t/p/w500/poster_97.jpg,https://image.tmdb.org/t/p/w1280/backdrop_97.jpg,tt0000097,A mystery masterpiece,Released,"mystery, classic, 1995s","[{""author"": ""Critic"", ""content"": ""An excellent mystery film."", ""rating"": 8.5}]",,,2025-07-21T23:01:28.750833
1098,Memento,A man with short-term memory loss attempts to track down his wife's murderer.,2000-01-01,2000,"Mystery, Thriller",Mystery,Christopher Nolan,Christopher Nolan,"Guy Pearce, Carrie-Anne Moss",113,en,English,United States of America,Major Studio,50000000,420000000,8.4,25000,84.0,False,https://image.tmdb.org/t/p/w500/poster_98.jpg,https://image.tmdb.org/t/p/w1280/backdrop_98.jpg,tt0000098,A mystery masterpiece,Released,"mystery, classic, 2000s","[{""author"": ""Critic"", ""content"": ""An excellent mystery film."", ""rating"": 8.4}]",,,2025-07-21T23:01:28.750836
1099,The Sixth Sense,A boy who communicates with spirits seeks the help of a disheartened child psychologist.,1999-01-01,1999,"Drama, Mystery, Thriller",Mystery,M. Night Shyamalan,M. Night Shyamalan,"Bruce Willis, Haley Joel Osment",107,en,English,United States of America,Major Studio,50000000,405000000,8.1,25000,81.0,False,https://image.tmdb.org/t/p/w500/poster_99.jpg,https://image.tmdb.org/t/p/w1280/backdrop_99.jpg,tt0000099,A mystery masterpiece,Released,"mystery, classic, 1999s","[{""author"": ""Critic"", ""content"": ""An excellent mystery film."", ""rating"": 8.1}]",,,2025-07-21T23:01:28.750840
1100,Shutter Island,"In 1954, a U.S. Marshal investigates the disappearance of a murderer who escaped from a hospital for the criminally insane.",2010-01-01,2010,"Mystery, Thriller",Mystery,Martin Scorsese,Martin Scorsese,"Leonardo DiCaprio, Mark Ruffalo",138,en,English,United States of America,Major Studio,50000000,409999999,8.2,25000,82.0,False,https://image.tmdb.org/t/p/w500/poster_100.jpg,https://image.tmdb.org/t/p/w1280/backdrop_100.jpg,tt0000100,A mystery masterpiece,Released,"mystery, classic, 2010s","[{""author"": ""Critic"", ""content"": ""An excellent mystery film."", ""rating"": 8.2}]",,,2025-07-21T23:01:28.750844
